stack,operation,nodes,shape,status,stage,bytes_per_operation
256k,entry,128,chain,OK,MEASURE,825848.0
256k,entry,512,chain,OK,MEASURE,1139272.0
256k,entry,2048,chain,STACK_OVERFLOW,MEASURE,0
256k,entry,4096,chain,STACK_OVERFLOW,MEASURE,0
256k,ready,128,chain,OK,MEASURE,3049.866666666667
256k,ready,512,chain,OK,MEASURE,12265.866666666667
256k,ready,2048,chain,STACK_OVERFLOW,WARMUP,0
256k,ready,4096,chain,STACK_OVERFLOW,WARMUP,0
256k,frame,128,chain,OK,MEASURE,3051.733333333333
256k,frame,512,chain,STACK_OVERFLOW,WARMUP,0
256k,frame,2048,chain,STACK_OVERFLOW,WARMUP,0
256k,frame,4096,chain,STACK_OVERFLOW,WARMUP,0
256k,physics,128,chain,OK,MEASURE,3049.866666666667
256k,physics,512,chain,STACK_OVERFLOW,WARMUP,0
256k,physics,2048,chain,STACK_OVERFLOW,WARMUP,0
256k,physics,4096,chain,STACK_OVERFLOW,WARMUP,0
256k,input,128,chain,OK,MEASURE,3083.733333333333
256k,input,512,chain,STACK_OVERFLOW,WARMUP,0
256k,input,2048,chain,STACK_OVERFLOW,WARMUP,0
256k,input,4096,chain,STACK_OVERFLOW,WARMUP,0
256k,exit,128,chain,OK,MEASURE,152232.0
256k,exit,512,chain,STACK_OVERFLOW,MEASURE,0
256k,exit,2048,chain,STACK_OVERFLOW,MEASURE,0
256k,exit,4096,chain,STACK_OVERFLOW,MEASURE,0
256k,destroy,128,chain,OK,MEASURE,533992.0
256k,destroy,512,chain,STACK_OVERFLOW,MEASURE,0
256k,destroy,2048,chain,STACK_OVERFLOW,MEASURE,0
256k,destroy,4096,chain,STACK_OVERFLOW,MEASURE,0
256k,detach,128,chain,OK,MEASURE,311312.0
256k,detach,512,chain,STACK_OVERFLOW,MEASURE,0
256k,detach,2048,chain,STACK_OVERFLOW,MEASURE,0
256k,detach,4096,chain,STACK_OVERFLOW,MEASURE,0
256k,rename,128,chain,OK,MEASURE,38728.0
256k,rename,512,chain,OK,MEASURE,349768.0
256k,rename,2048,chain,STACK_OVERFLOW,MEASURE,0
256k,rename,4096,chain,STACK_OVERFLOW,MEASURE,0
1m,entry,128,chain,OK,MEASURE,825848.0
1m,entry,512,chain,OK,MEASURE,1139080.0
1m,entry,2048,chain,OK,MEASURE,2380296.0
1m,entry,4096,chain,STACK_OVERFLOW,MEASURE,0
1m,ready,128,chain,OK,MEASURE,3049.866666666667
1m,ready,512,chain,OK,MEASURE,12264.0
1m,ready,2048,chain,OK,MEASURE,49128.0
1m,ready,4096,chain,STACK_OVERFLOW,WARMUP,0
1m,frame,128,chain,OK,MEASURE,3049.866666666667
1m,frame,512,chain,OK,MEASURE,12264.0
1m,frame,2048,chain,OK,MEASURE,49128.0
1m,frame,4096,chain,STACK_OVERFLOW,WARMUP,0
1m,physics,128,chain,OK,MEASURE,3049.866666666667
1m,physics,512,chain,OK,MEASURE,12264.0
1m,physics,2048,chain,OK,MEASURE,49128.0
1m,physics,4096,chain,STACK_OVERFLOW,WARMUP,0
1m,input,128,chain,OK,MEASURE,3083.733333333333
1m,input,512,chain,OK,MEASURE,12296.0
1m,input,2048,chain,OK,MEASURE,49160.0
1m,input,4096,chain,STACK_OVERFLOW,WARMUP,0
1m,exit,128,chain,OK,MEASURE,152232.0
1m,exit,512,chain,OK,MEASURE,247464.0
1m,exit,2048,chain,STACK_OVERFLOW,MEASURE,0
1m,exit,4096,chain,STACK_OVERFLOW,MEASURE,0
1m,destroy,128,chain,OK,MEASURE,533992.0
1m,destroy,512,chain,OK,MEASURE,801352.0
1m,destroy,2048,chain,OK,MEASURE,1888928.0
1m,destroy,4096,chain,STACK_OVERFLOW,MEASURE,0
1m,detach,128,chain,OK,MEASURE,311312.0
1m,detach,512,chain,OK,MEASURE,796000.0
1m,detach,2048,chain,STACK_OVERFLOW,MEASURE,0
1m,detach,4096,chain,STACK_OVERFLOW,MEASURE,0
1m,rename,128,chain,OK,MEASURE,38728.0
1m,rename,512,chain,OK,MEASURE,349768.0
1m,rename,2048,chain,OK,MEASURE,4542984.0
1m,rename,4096,chain,STACK_OVERFLOW,MEASURE,0
1m,entry,128,wide,OK,MEASURE,818992.0
1m,entry,512,wide,OK,MEASURE,1106368.0
1m,entry,2048,wide,OK,MEASURE,2267088.0
1m,frame,128,wide,OK,MEASURE,33.86666666666667
1m,frame,512,wide,OK,MEASURE,32.0
1m,frame,2048,wide,OK,MEASURE,32.0
1m,exit,128,wide,OK,MEASURE,143288.0
1m,exit,512,wide,OK,MEASURE,210704.0
1m,exit,2048,wide,OK,MEASURE,481328.0
