1000,1,0.867799,1015580,138.305,21.913,legacy-scene-detach
1000,2,0.342758,943968,23.478,6.641,legacy-scene-detach
1000,3,0.430782,943968,14.826,3.276,legacy-scene-detach
1000,4,0.315817,943968,11.941,2.121,legacy-scene-detach
1000,5,0.338675,943968,5.981,1.929,legacy-scene-detach
10000,1,3.605125,9412968,263.625,26.824,legacy-scene-detach
10000,2,3.988121,9412968,231.336,25.139,legacy-scene-detach
10000,3,3.417626,9412968,239.014,35.253,legacy-scene-detach
10000,4,2.986819,9412968,229.656,20.989,legacy-scene-detach
10000,5,3.127096,9412968,228.774,21.148,legacy-scene-detach
50000,1,26.313765,47052968,5090.604,478.322,legacy-scene-detach
50000,2,25.985643,47052968,5834.818,317.089,legacy-scene-detach
50000,3,28.322327,47052968,6690.656,318.359,legacy-scene-detach
50000,4,41.932086,47052968,23588.956,432.703,legacy-scene-detach
50000,5,33.957487,47052968,8367.543,425.845,legacy-scene-detach
