1000,1,0.240342,47549,90.946,27.416,queued-destruction
1000,2,0.197773,47512,19.254,13.029,queued-destruction
1000,3,0.155515,47512,23.619,6.238,queued-destruction
1000,4,0.121463,47128,6.459,6.102,queued-destruction
1000,5,0.122427,47128,7.137,2.939,queued-destruction
10000,1,2.662469,443128,69.806,30.952,queued-destruction
10000,2,2.654591,443128,36.058,16.693,queued-destruction
10000,3,3.071199,443128,24.637,17.247,queued-destruction
10000,4,2.220813,443128,25.459,19.754,queued-destruction
10000,5,3.105062,443128,30.855,16.359,queued-destruction
50000,1,24.838242,2203128,148.912,165.213,queued-destruction
50000,2,27.633914,2203128,302.918,92.227,queued-destruction
50000,3,24.688202,2203128,144.950,99.087,queued-destruction
50000,4,24.604761,2203072,229.899,124.752,queued-destruction
50000,5,25.453698,2203072,169.264,100.178,queued-destruction
